Time_s,RMS,RMS_max,RMS_norm,Class
0.1,5.21922496592141,6.00884057056544,0.868591020951363,Kontraksi
0.2,4.96892413644267,6.00884057056544,0.826935592330932,Kontraksi
0.3,5.26763812451401,6.00884057056544,0.876648009321092,Kontraksi
0.4,5.43063023282543,6.00884057056544,0.903773393394327,Kontraksi
0.5,4.96299519832887,6.00884057056544,0.825948889814169,Kontraksi
0.6,4.97369220774417,6.00884057056544,0.827729101701917,Kontraksi
0.7,4.93975849805287,6.00884057056544,0.822081804308552,Kontraksi
0.8,4.77865049534896,6.00884057056544,0.795269975834836,Kontraksi
0.9,4.60600603374133,6.00884057056544,0.766538233066799,Kontraksi
1,4.50297088846889,6.00884057056544,0.749390974113523,Kontraksi
1.1,4.5985034347008,6.00884057056544,0.765289639606476,Kontraksi
1.2,4.78527614822168,6.00884057056544,0.796372626636586,Kontraksi
1.3,4.89242144191538,6.00884057056544,0.814203902476813,Kontraksi
1.4,4.82905128063148,6.00884057056544,0.803657747933403,Kontraksi
1.5,4.96322404953163,6.00884057056544,0.825986975564669,Kontraksi
1.6,4.99327277403648,6.00884057056544,0.830987728064585,Kontraksi
1.7,5.11598766549197,6.00884057056544,0.851410119042407,Kontraksi
1.8,5.17842825200348,6.00884057056544,0.861801572398214,Kontraksi
1.9,5.3066464062559,6.00884057056544,0.883139824386544,Kontraksi
2,5.44551616695658,6.00884057056544,0.906250732234712,Kontraksi
2.1,4.65021539653376,6.00884057056544,0.773895619616376,Kontraksi
2.2,4.37273740884244,6.00884057056544,0.727717328741002,Kontraksi
2.3,4.91900706337334,6.00884057056544,0.818628320323442,Kontraksi
2.4,5.00279098517022,6.00884057056544,0.832571762625323,Kontraksi
2.5,4.88059072247543,6.00884057056544,0.812235016915444,Kontraksi
2.6,4.5949269475861,6.00884057056544,0.764694435411475,Kontraksi
2.7,4.91081551843206,6.00884057056544,0.817265071482825,Kontraksi
2.8,5.15378737608934,6.00884057056544,0.857700801937629,Kontraksi
2.9,4.86126747058514,6.00884057056544,0.809019213190355,Kontraksi
3,4.92612820451322,6.00884057056544,0.819813431004322,Kontraksi
3.1,5.1490244492932,6.00884057056544,0.856908148722719,Kontraksi
3.2,4.9173637156128,6.00884057056544,0.818354831995497,Kontraksi
3.3,4.74603979220031,6.00884057056544,0.789842855117339,Kontraksi
3.4,4.81317603373809,6.00884057056544,0.801015766222129,Kontraksi
3.5,4.70982182288775,6.00884057056544,0.78381540791064,Kontraksi
3.6,4.81529323018305,6.00884057056544,0.801368113138327,Kontraksi
3.7,4.88428779199393,6.00884057056544,0.812850288609722,Kontraksi
3.8,4.62460245302905,6.00884057056544,0.769633076251491,Kontraksi
3.9,4.79478723393508,6.00884057056544,0.797955475374492,Kontraksi
4,4.94029613371655,6.00884057056544,0.822171278418802,Kontraksi
4.1,4.73127622709325,6.00884057056544,0.78738588110818,Kontraksi
4.2,4.85765398398753,6.00884057056544,0.808417851487515,Kontraksi
4.3,5.01706962798209,6.00884057056544,0.834948035159798,Kontraksi
4.4,4.96668934403107,6.00884057056544,0.826563674922681,Kontraksi
4.5,4.51298576267307,6.00884057056544,0.751057664065863,Kontraksi
4.6,4.48057210337276,6.00884057056544,0.745663335672614,Kontraksi
4.7,5.10660381302005,6.00884057056544,0.849848444645872,Kontraksi
4.8,5.46799835808437,6.00884057056544,0.909992251228896,Kontraksi
4.9,5.0668814262723,6.00884057056544,0.843237787185206,Kontraksi
5,4.84028104887117,6.00884057056544,0.8055266223207,Kontraksi
5.1,4.88711435212858,6.00884057056544,0.81332068886439,Kontraksi
5.2,4.70530010673841,6.00884057056544,0.783062897322908,Kontraksi
5.3,4.67168644784701,6.00884057056544,0.777468863249836,Kontraksi
5.4,4.80811762745443,6.00884057056544,0.800173938880522,Kontraksi
5.5,4.88119839994843,6.00884057056544,0.81233614748562,Kontraksi
5.6,4.83447295722483,6.00884057056544,0.804560031249073,Kontraksi
5.7,5.16817431047313,6.00884057056544,0.860095096513236,Kontraksi
5.8,4.90134077910918,6.00884057056544,0.81568827156417,Kontraksi
5.9,4.37933403106791,6.00884057056544,0.728815148220151,Kontraksi
6,4.82130661411467,6.00884057056544,0.802368869251091,Kontraksi
6.1,5.2134820507183,6.00884057056544,0.867635276638353,Kontraksi
6.2,4.963265078029,6.00884057056544,0.825993803586962,Kontraksi
6.3,4.70256824579647,6.00884057056544,0.782608257045826,Kontraksi
6.4,4.75124999730392,6.00884057056544,0.790709945039667,Kontraksi
6.5,4.58924201520863,6.00884057056544,0.763748340684761,Kontraksi
6.6,4.39864381983945,6.00884057056544,0.732028711393408,Kontraksi
6.7,4.68089430155842,6.00884057056544,0.779001247676294,Kontraksi
6.8,5.34503207237449,6.00884057056544,0.889528022853087,Kontraksi
6.9,5.14367818873007,6.00884057056544,0.856018416252645,Kontraksi
7,4.80770155938134,6.00884057056544,0.80010469622577,Kontraksi
7.1,5.18640195761524,6.00884057056544,0.863128568100316,Kontraksi
7.2,5.42153475094279,6.00884057056544,0.902259710051288,Kontraksi
7.3,5.38421077358182,6.00884057056544,0.896048199374203,Kontraksi
7.4,4.8870815225993,6.00884057056544,0.813315225326309,Kontraksi
7.5,5.00673329316512,6.00884057056544,0.833227847264048,Kontraksi
7.6,4.98475001471981,6.00884057056544,0.829569358045182,Kontraksi
7.7,4.92532875447855,6.00884057056544,0.819680385365104,Kontraksi
7.8,5.46088609993889,6.00884057056544,0.908808618868884,Kontraksi
7.9,5.42889615017632,6.00884057056544,0.903484804834064,Kontraksi
8,4.99571667579163,6.00884057056544,0.831394445754371,Kontraksi
8.1,4.84075924132899,6.00884057056544,0.805606203806048,Kontraksi
8.2,4.90590832869763,6.00884057056544,0.816448409819596,Kontraksi
8.3,5.28753013453298,6.00884057056544,0.879958466602388,Kontraksi
8.4,5.32907050611567,6.00884057056544,0.88687167574729,Kontraksi
8.5,5.00582174318361,6.00884057056544,0.833076145788397,Kontraksi
8.6,5.13901449646811,6.00884057056544,0.855242277793454,Kontraksi
8.7,5.19477609432334,6.00884057056544,0.864522204128725,Kontraksi
8.8,5.19793569899994,6.00884057056544,0.865048030141163,Kontraksi
8.9,4.89638269036064,6.00884057056544,0.814863139212875,Kontraksi
9,4.83672387741043,6.00884057056544,0.804934632664965,Kontraksi
9.1,5.1209046783118,6.00884057056544,0.852228415477816,Kontraksi
9.2,5.12537386987312,6.00884057056544,0.852972184847104,Kontraksi
9.3,4.75034937340032,6.00884057056544,0.790560061897815,Kontraksi
9.4,4.61336952482579,6.00884057056544,0.767763675978453,Kontraksi
9.5,4.84817845858609,6.00884057056544,0.806840920748521,Kontraksi
9.6,4.61131887542323,6.00884057056544,0.767422403917982,Kontraksi
9.7,4.36114892059193,6.00884057056544,0.725788755647005,Kontraksi
9.8,4.45504824766884,6.00884057056544,0.741415618429299,Kontraksi
9.9,4.73310436162125,6.00884057056544,0.787690121919121,Kontraksi
10,5.14360317464541,6.00884057056544,0.856005932299414,Kontraksi
10.1,4.90252189231075,6.00884057056544,0.815884834143539,Kontraksi
10.2,4.95636043421964,6.00884057056544,0.824844722707169,Kontraksi
10.3,4.92793987570894,6.00884057056544,0.820114931963524,Kontraksi
10.4,4.53185643980576,6.00884057056544,0.75419814964059,Kontraksi
10.5,5.0497429427424,6.00884057056544,0.840385575792904,Kontraksi
10.6,4.7934108136257,6.00884057056544,0.797726409501765,Kontraksi
10.7,4.98187635899957,6.00884057056544,0.829091120074561,Kontraksi
10.8,4.92828778631041,6.00884057056544,0.820172831752575,Kontraksi
10.9,4.36075758254262,6.00884057056544,0.725723628598831,Kontraksi
11,4.92018257386372,6.00884057056544,0.818823950491455,Kontraksi
11.1,5.61516007870262,6.00884057056544,0.934483119124298,Kontraksi
11.2,5.17721896201382,6.00884057056544,0.861600320596731,Kontraksi
11.3,4.80185937845559,6.00884057056544,0.79913243196661,Kontraksi
11.4,4.90340720891591,6.00884057056544,0.816032169822488,Kontraksi
11.5,4.58031199896702,6.00884057056544,0.762262194374713,Kontraksi
11.6,4.60108522577346,6.00884057056544,0.765719305037326,Kontraksi
11.7,4.75202299311527,6.00884057056544,0.790838588128507,Kontraksi
11.8,4.92725564384131,6.00884057056544,0.820001061099487,Kontraksi
11.9,4.73994531603277,6.00884057056544,0.788828603516558,Kontraksi
12,4.54184940567261,6.00884057056544,0.755861193575522,Kontraksi
12.1,5.14570189632946,6.00884057056544,0.856355204618991,Kontraksi
12.2,5.16839410744973,6.00884057056544,0.860131675446229,Kontraksi
12.3,4.85036176200065,6.00884057056544,0.807204269282889,Kontraksi
12.4,5.13169693006193,6.00884057056544,0.854024477733652,Kontraksi
12.5,4.9766056719561,6.00884057056544,0.828213964659707,Kontraksi
12.6,5.03822653213121,6.00884057056544,0.838468997964629,Kontraksi
12.7,5.04181361067759,6.00884057056544,0.839065964801118,Kontraksi
12.8,4.60955483005947,6.00884057056544,0.767128828919105,Kontraksi
12.9,4.71483289726474,6.00884057056544,0.784649358207396,Kontraksi
13,4.80258154022602,6.00884057056544,0.799252615180318,Kontraksi
13.1,4.61827998675579,6.00884057056544,0.768580882205235,Kontraksi
13.2,5.11680168675843,6.00884057056544,0.851545589647243,Kontraksi
13.3,5.27816669836474,6.00884057056544,0.878400189916848,Kontraksi
13.4,5.02182751905008,6.00884057056544,0.835739850321494,Kontraksi
13.5,5.20549619322838,6.00884057056544,0.866306258602987,Kontraksi
13.6,4.94499770367165,6.00884057056544,0.822953720538856,Kontraksi
13.7,4.52619759056688,6.00884057056544,0.753256395707792,Kontraksi
13.8,4.77994121869154,6.00884057056544,0.795484779893526,Kontraksi
13.9,4.82825340964584,6.00884057056544,0.803524965081823,Kontraksi
14,4.85857291261681,6.00884057056544,0.808570780928477,Kontraksi
14.1,4.93248462513893,6.00884057056544,0.82087127578337,Kontraksi
14.2,4.97791932277205,6.00884057056544,0.82843258434191,Kontraksi
14.3,4.69224889411466,6.00884057056544,0.780890895508168,Kontraksi
14.4,4.38013702111135,6.00884057056544,0.728948782992785,Kontraksi
14.5,4.93853649429986,6.00884057056544,0.821878436664052,Kontraksi
14.6,5.19428737344162,6.00884057056544,0.864440870487737,Kontraksi
14.7,4.73176320926259,6.00884057056544,0.787466925390121,Kontraksi
14.8,4.34975568535213,6.00884057056544,0.723892676843448,Kontraksi
14.9,4.58141612855366,6.00884057056544,0.762445945228756,Kontraksi
15,4.99881455481458,6.00884057056544,0.831909999293622,Kontraksi
15.1,5.31813928912227,6.00884057056544,0.885052486693256,Kontraksi
15.2,5.25721985899086,6.00884057056544,0.874914186397885,Kontraksi
15.3,5.23899532305819,6.00884057056544,0.87188123258281,Kontraksi
15.4,5.12386087439791,6.00884057056544,0.852720389936348,Kontraksi
15.5,4.7937784798164,6.00884057056544,0.797787597044748,Kontraksi
15.6,5.18865258977072,6.00884057056544,0.863503121581816,Kontraksi
15.7,5.11708117335489,6.00884057056544,0.851592102213716,Kontraksi
15.8,4.74239175202485,6.00884057056544,0.789235742957744,Kontraksi
15.9,4.95559350240021,6.00884057056544,0.824717088796697,Kontraksi
16,5.14319403373687,6.00884057056544,0.855937842473476,Kontraksi
16.1,5.12726990485464,6.00884057056544,0.853287725750419,Kontraksi
16.2,5.11089523820205,6.00884057056544,0.850562629875385,Kontraksi
16.3,5.26272017819098,6.00884057056544,0.875829557530721,Kontraksi
16.4,5.0387166521197,6.00884057056544,0.838550564447003,Kontraksi
16.5,5.39353291015796,6.00884057056544,0.897599602921471,Kontraksi
16.6,5.5771630914022,6.00884057056544,0.928159605152808,Kontraksi
16.7,4.88601538874176,6.00884057056544,0.813137797776847,Kontraksi
16.8,4.63255701529734,6.00884057056544,0.770956886090491,Kontraksi
16.9,4.2918088609128,6.00884057056544,0.714249081917136,Kontraksi
17,4.13080428049317,6.00884057056544,0.68745446513061,Kontraksi
17.1,4.43834463118611,6.00884057056544,0.738635778244397,Kontraksi
17.2,5.00909107324808,6.00884057056544,0.833620232459708,Kontraksi
17.3,4.91049463763781,6.00884057056544,0.817211670033663,Kontraksi
17.4,4.54790609252366,6.00884057056544,0.756869156223211,Kontraksi
17.5,5.20914578456581,6.00884057056544,0.866913628909217,Kontraksi
17.6,5.53330651185589,6.00884057056544,0.920860929304902,Kontraksi
17.7,5.58245449968467,6.00884057056544,0.92904020902644,Kontraksi
17.8,5.47390263466433,6.00884057056544,0.910974849537276,Kontraksi
17.9,4.89542876780144,6.00884057056544,0.814704386031126,Kontraksi
18,4.91648961446864,6.00884057056544,0.818209362809903,Kontraksi
18.1,5.04629160054211,6.00884057056544,0.839811198396839,Kontraksi
18.2,4.72022855497979,6.00884057056544,0.785547311423443,Kontraksi
18.3,4.47963868569187,6.00884057056544,0.745507994942579,Kontraksi
18.4,4.26853037129008,6.00884057056544,0.710375041767568,Kontraksi
18.5,4.25335612212258,6.00884057056544,0.707849721118883,Kontraksi
18.6,4.6659740917536,6.00884057056544,0.776518204628373,Kontraksi
18.7,4.97928148533069,6.00884057056544,0.828659277418994,Kontraksi
18.8,4.73689588374283,6.00884057056544,0.788321112553179,Kontraksi
18.9,4.61008596655441,6.00884057056544,0.767217221428226,Kontraksi
19,5.04884961919789,6.00884057056544,0.840236907587445,Kontraksi
19.1,4.83831790784034,6.00884057056544,0.805199913530913,Kontraksi
19.2,4.27206725310199,6.00884057056544,0.710963654790392,Kontraksi
19.3,4.63557338560598,6.00884057056544,0.771458874830784,Kontraksi
19.4,4.76607806341268,6.00884057056544,0.793177653399479,Kontraksi
19.5,4.71700668865814,6.00884057056544,0.785011123737348,Kontraksi
19.6,5.09844962041184,6.00884057056544,0.84849141203493,Kontraksi
19.7,4.88045091476471,6.00884057056544,0.812211749912588,Kontraksi
19.8,4.50435841342569,6.00884057056544,0.749621888037849,Kontraksi
19.9,4.77851373518761,6.00884057056544,0.795247216009584,Kontraksi
20,4.76267477122751,6.00884057056544,0.792611272556918,Kontraksi
20.1,4.93952147822637,6.00884057056544,0.822042359123792,Kontraksi
20.2,4.89712909957241,6.00884057056544,0.814987357721088,Kontraksi
20.3,4.53432054396213,6.00884057056544,0.754608229443411,Kontraksi
20.4,4.5118634821996,6.00884057056544,0.750870892514797,Kontraksi
20.5,4.47335253240238,6.00884057056544,0.744461844155974,Kontraksi
20.6,5.11878790148267,6.00884057056544,0.851876138394696,Kontraksi
20.7,5.2595709600429,6.00884057056544,0.875305460059489,Kontraksi
20.8,4.82608891390598,6.00884057056544,0.803164746548075,Kontraksi
20.9,5.08703255473951,6.00884057056544,0.846591367336081,Kontraksi
21,4.84029827177452,6.00884057056544,0.805529488581363,Kontraksi
21.1,4.25980460274625,6.00884057056544,0.708922886656883,Kontraksi
21.2,4.24110751316306,6.00884057056544,0.705811289774987,Kontraksi
21.3,4.63557694483215,6.00884057056544,0.771459467162387,Kontraksi
21.4,4.66310525861627,6.00884057056544,0.776040769239026,Kontraksi
21.5,4.36168695758057,6.00884057056544,0.725878296546338,Kontraksi
21.6,4.50992433880519,6.00884057056544,0.750548177446618,Kontraksi
21.7,4.56247714018333,6.00884057056544,0.759294091198362,Kontraksi
21.8,4.56375678440228,6.00884057056544,0.759507051453159,Kontraksi
21.9,4.56165558061986,6.00884057056544,0.759157366059156,Kontraksi
22,4.57555397142019,6.00884057056544,0.76147035650001,Kontraksi
22.1,4.83072337749823,6.00884057056544,0.803936020729479,Kontraksi
22.2,5.08871846292097,6.00884057056544,0.846871938631267,Kontraksi
22.3,5.2367795610259,6.00884057056544,0.871512482238002,Kontraksi
22.4,4.75646808548037,6.00884057056544,0.791578346874458,Kontraksi
22.5,4.19900416394815,6.00884057056544,0.698804389072518,Kontraksi
22.6,4.1303391963938,6.00884057056544,0.687377065157369,Kontraksi
22.7,4.12888446851236,6.00884057056544,0.687134967224438,Kontraksi
22.8,4.64470734061959,6.00884057056544,0.772978960928318,Kontraksi
22.9,4.77575825310239,6.00884057056544,0.794788644667433,Kontraksi
23,5.06638332698292,6.00884057056544,0.843154892775956,Kontraksi
23.1,5.53542488564653,6.00884057056544,0.921213472156682,Kontraksi
23.2,5.54070479173189,6.00884057056544,0.922092161817917,Kontraksi
23.3,5.02147807993445,6.00884057056544,0.835681696154891,Kontraksi
23.4,4.65130637952943,6.00884057056544,0.774077182595599,Kontraksi
23.5,4.81334737637054,6.00884057056544,0.801044281312592,Kontraksi
23.6,5.10480813695215,6.00884057056544,0.849549605619139,Kontraksi
23.7,5.18066492464254,6.00884057056544,0.862173802716659,Kontraksi
23.8,5.17529703534526,6.00884057056544,0.861280470761143,Kontraksi
23.9,4.92728196980044,6.00884057056544,0.820005442303951,Kontraksi
24,4.90565178790901,6.00884057056544,0.816405715927887,Kontraksi
24.1,5.39159362733751,6.00884057056544,0.897276864649807,Kontraksi
24.2,4.92625989399158,6.00884057056544,0.819835346959124,Kontraksi
24.3,4.47481136770499,6.00884057056544,0.744704625651917,Kontraksi
24.4,4.41716728321686,6.00884057056544,0.735111413149243,Kontraksi
24.5,4.62902517911323,6.00884057056544,0.770369112768394,Kontraksi
24.6,4.81019036607448,6.00884057056544,0.800518887060742,Kontraksi
24.7,4.91969531275457,6.00884057056544,0.818742859787944,Kontraksi
24.8,5.39545606902088,6.00884057056544,0.897919657820636,Kontraksi
24.9,4.78686548308245,6.00884057056544,0.796637126059079,Kontraksi
25,4.66337495499585,6.00884057056544,0.776085652503345,Kontraksi
25.1,5.31668916042333,6.00884057056544,0.884811154162978,Kontraksi
25.2,4.87106555442806,6.00884057056544,0.810649824575006,Kontraksi
25.3,5.00161825041944,6.00884057056544,0.832376594399938,Kontraksi
25.4,4.82706473313721,6.00884057056544,0.803327143805878,Kontraksi
25.5,4.15548250521216,6.00884057056544,0.691561451233698,Kontraksi
25.6,4.82923079029489,6.00884057056544,0.803687622193053,Kontraksi
25.7,4.95524478263448,6.00884057056544,0.824659054345351,Kontraksi
25.8,4.43367957051474,6.00884057056544,0.73785941205252,Kontraksi
25.9,4.44012657899833,6.00884057056544,0.738932332594824,Kontraksi
26,4.62600760544353,6.00884057056544,0.769866923763,Kontraksi
26.1,4.57513580872735,6.00884057056544,0.761400765255587,Kontraksi
26.2,4.69641588855609,6.00884057056544,0.781584372792595,Kontraksi
26.3,4.92702985934021,6.00884057056544,0.819963485713945,Kontraksi
26.4,4.86391681174637,6.00884057056544,0.809460120405336,Kontraksi
26.5,4.91101455935778,6.00884057056544,0.817298196163598,Kontraksi
26.6,4.98145568431851,6.00884057056544,0.829021110781401,Kontraksi
26.7,5.09648249017666,6.00884057056544,0.848164039355945,Kontraksi
26.8,5.22538331794124,6.00884057056544,0.869615902864524,Kontraksi
26.9,4.89385079455527,6.00884057056544,0.814441777425084,Kontraksi
27,4.67337670957586,6.00884057056544,0.777750159068721,Kontraksi
27.1,4.7657829473642,6.00884057056544,0.793128539756836,Kontraksi
27.2,4.5942099306514,6.00884057056544,0.764575108408823,Kontraksi
27.3,4.64923304491102,6.00884057056544,0.773732135228465,Kontraksi
27.4,5.66048850051314,6.00884057056544,0.942026741105644,Kontraksi
27.5,5.76994271325859,6.00884057056544,0.960242270617546,Kontraksi
27.6,5.07207632910948,6.00884057056544,0.844102330482066,Kontraksi
27.7,4.79448624536695,6.00884057056544,0.797905384418575,Kontraksi
27.8,5.12803081974949,6.00884057056544,0.853414358315541,Kontraksi
27.9,5.15632642391832,6.00884057056544,0.858123353975607,Kontraksi
28,4.76290825649566,6.00884057056544,0.792650129515329,Kontraksi
28.1,5.12297164309448,6.00884057056544,0.85257240276761,Kontraksi
28.2,5.09101053232348,6.00884057056544,0.847253388159774,Kontraksi
28.3,4.9625586397456,6.00884057056544,0.825876237098868,Kontraksi
28.4,4.67851001910265,6.00884057056544,0.778604451917151,Kontraksi
28.5,4.93200385743992,6.00884057056544,0.820791265722634,Kontraksi
28.6,5.26644931407901,6.00884057056544,0.876450165756924,Kontraksi
28.7,5.10672826699605,6.00884057056544,0.849869156457832,Kontraksi
28.8,5.0160283311415,6.00884057056544,0.834774741022874,Kontraksi
28.9,4.71780489769614,6.00884057056544,0.785143962848093,Kontraksi
29,4.70188393875448,6.00884057056544,0.782494373671163,Kontraksi
29.1,4.76261006154453,6.00884057056544,0.792600503477223,Kontraksi
29.2,4.98967798270082,6.00884057056544,0.83038947765447,Kontraksi
29.3,4.88146750599743,6.00884057056544,0.812380932506266,Kontraksi
29.4,4.55755401189046,6.00884057056544,0.758474777017022,Kontraksi
29.5,4.53007951105374,6.00884057056544,0.753902430569472,Kontraksi
29.6,4.86246690769217,6.00884057056544,0.809218825260761,Kontraksi
29.7,5.16118658070754,6.00884057056544,0.858932188347587,Kontraksi
29.8,4.79703311422071,6.00884057056544,0.79832923804289,Kontraksi
29.9,5.01888538824294,6.00884057056544,0.835250216627174,Kontraksi
30,4.98788373492233,6.00884057056544,0.83009087632574,Kontraksi
30.1,4.54820681494177,6.00884057056544,0.756919202886052,Kontraksi
30.2,4.50781997783364,6.00884057056544,0.750197966628602,Kontraksi
30.3,4.30464970229839,6.00884057056544,0.716386073444001,Kontraksi
30.4,4.53439802607666,6.00884057056544,0.75462112412977,Kontraksi
30.5,5.08931344827439,6.00884057056544,0.846970956960418,Kontraksi
30.6,5.01614180864659,6.00884057056544,0.834793626114558,Kontraksi
30.7,4.51049554866127,6.00884057056544,0.75064323902287,Kontraksi
30.8,4.57011177654288,6.00884057056544,0.760564658501635,Kontraksi
30.9,4.82320543293874,6.00884057056544,0.802684873445539,Kontraksi
31,5.21931030574088,6.00884057056544,0.868605223328423,Kontraksi
31.1,5.12953792853585,6.00884057056544,0.853665173554963,Kontraksi
31.2,4.40623551016842,6.00884057056544,0.73329213155572,Kontraksi
31.3,4.71406132252062,6.00884057056544,0.784520951614634,Kontraksi
31.4,4.64354897609734,6.00884057056544,0.772786184217296,Kontraksi
31.5,4.29354017302466,6.00884057056544,0.714537209400554,Kontraksi
31.6,4.49459502039786,6.00884057056544,0.747997049949175,Kontraksi
31.7,4.27849784183463,6.00884057056544,0.712033842733827,Kontraksi
31.8,4.15038378034139,6.00884057056544,0.690712914014098,Kontraksi
31.9,4.05251317415296,6.00884057056544,0.674425145177651,Kontraksi
32,4.41066819593975,6.00884057056544,0.734029825578264,Kontraksi
32.1,4.6315112892102,6.00884057056544,0.770782854831905,Kontraksi
32.2,4.80478572566786,6.00884057056544,0.799619438932081,Kontraksi
32.3,4.89166559803283,6.00884057056544,0.814078113836946,Kontraksi
32.4,4.89356713083807,6.00884057056544,0.814394569696093,Kontraksi
32.5,4.99311601696564,6.00884057056544,0.830961640324529,Kontraksi
32.6,5.36599378850172,6.00884057056544,0.893016502183012,Kontraksi
32.7,5.1809085880068,6.00884057056544,0.862214353528649,Kontraksi
32.8,4.25880092563143,6.00884057056544,0.708755853249518,Kontraksi
32.9,4.21047739395394,6.00884057056544,0.700713780721549,Kontraksi
33,4.78558159652244,6.00884057056544,0.796423459787703,Kontraksi
33.1,4.76069760658961,6.00884057056544,0.792282229938016,Kontraksi
33.2,4.59424373835332,6.00884057056544,0.764580734735818,Kontraksi
33.3,5.05523271307869,6.00884057056544,0.841299191368459,Kontraksi
33.4,5.08792018881031,6.00884057056544,0.846739088691037,Kontraksi
33.5,4.92194711432646,6.00884057056544,0.819117607885425,Kontraksi
33.6,4.96620383084636,6.00884057056544,0.826482875111301,Kontraksi
33.7,5.01674642648713,6.00884057056544,0.834894247496243,Kontraksi
33.8,4.91195302756714,6.00884057056544,0.817454377409937,Kontraksi
33.9,4.86835755956292,6.00884057056544,0.810199156125188,Kontraksi
34,4.74629943008297,6.00884057056544,0.78988606443195,Kontraksi
34.1,4.55890959700387,6.00884057056544,0.758700375466089,Kontraksi
34.2,4.95082620814877,6.00884057056544,0.823923708743514,Kontraksi
34.3,5.2023355381537,6.00884057056544,0.865780257781769,Kontraksi
34.4,5.2177364278871,6.00884057056544,0.868343296283547,Kontraksi
34.5,5.5980305903594,6.00884057056544,0.931632404724064,Kontraksi
34.6,5.8833318134222,6.00884057056544,0.979112649824985,Kontraksi
34.7,5.20290140664612,6.00884057056544,0.8658744304405,Kontraksi
34.8,4.34317291296276,6.00884057056544,0.722797162274195,Kontraksi
34.9,4.63756176983476,6.00884057056544,0.771789784630341,Kontraksi
35,4.90487460023046,6.00884057056544,0.816276375222401,Kontraksi
35.1,5.09746557417047,6.00884057056544,0.848327645626117,Kontraksi
35.2,4.87290007166259,6.00884057056544,0.810955127605265,Kontraksi
35.3,4.38604460325764,6.00884057056544,0.729931931418328,Kontraksi
35.4,4.58321196479119,6.00884057056544,0.762744810911151,Kontraksi
35.5,4.85368965992273,6.00884057056544,0.807758102902369,Kontraksi
35.6,5.12775248232484,6.00884057056544,0.853368036995915,Kontraksi
35.7,5.01579298368409,6.00884057056544,0.834735574156212,Kontraksi
35.8,4.47553539752984,6.00884057056544,0.744825119749963,Kontraksi
35.9,4.28084975788534,6.00884057056544,0.712425252028696,Kontraksi
36,4.46393843148465,6.00884057056544,0.742895135769028,Kontraksi
36.1,4.58467198961414,6.00884057056544,0.762987790368803,Kontraksi
36.2,4.58411390852072,6.00884057056544,0.762894913700356,Kontraksi
36.3,4.74106986199384,6.00884057056544,0.789015752093369,Kontraksi
36.4,4.75306275880323,6.00884057056544,0.79101162744878,Kontraksi
36.5,4.55079876780872,6.00884057056544,0.757350559457509,Kontraksi
36.6,4.90840374567789,6.00884057056544,0.816863700748181,Kontraksi
36.7,5.06626175710089,6.00884057056544,0.843134660939115,Kontraksi
36.8,4.7838819112689,6.00884057056544,0.796140595692111,Kontraksi
36.9,4.69061542392892,6.00884057056544,0.780619051020607,Kontraksi
37,4.75007444764592,6.00884057056544,0.790514308353322,Kontraksi
37.1,4.82756273991898,6.00884057056544,0.803410022819877,Kontraksi
37.2,5.15944459002417,6.00884057056544,0.858642283720745,Kontraksi
37.3,5.05272631378347,6.00884057056544,0.840882072747023,Kontraksi
37.4,5.09443454934373,6.00884057056544,0.847823218059576,Kontraksi
37.5,5.31120276617519,6.00884057056544,0.883898100440931,Kontraksi
37.6,5.03849064889459,6.00884057056544,0.838512952661092,Kontraksi
37.7,4.97167611529421,6.00884057056544,0.827393580659833,Kontraksi
37.8,4.62147459937685,6.00884057056544,0.769112534290782,Kontraksi
37.9,4.84421825357082,6.00884057056544,0.806181857661598,Kontraksi
38,4.77973187614864,6.00884057056544,0.795449940802617,Kontraksi
38.1,4.9482905726646,6.00884057056544,0.823501724592929,Kontraksi
38.2,4.93909819556692,6.00884057056544,0.821971915807069,Kontraksi
38.3,4.33057297595943,6.00884057056544,0.720700262405518,Kontraksi
38.4,4.23222159878649,6.00884057056544,0.704332482961557,Kontraksi
38.5,4.16932708909682,6.00884057056544,0.693865487049274,Kontraksi
38.6,4.55376978619625,6.00884057056544,0.757845000665034,Kontraksi
38.7,5.17113975491181,6.00884057056544,0.860588610096074,Kontraksi
38.8,5.17785042966284,6.00884057056544,0.861705410362652,Kontraksi
38.9,4.40827748932041,6.00884057056544,0.733631960700463,Kontraksi
39,4.14083661018354,6.00884057056544,0.689124060050386,Kontraksi
39.1,4.68520109903416,6.00884057056544,0.779717991185324,Kontraksi
39.2,4.95485895307498,6.00884057056544,0.824594844028076,Kontraksi
39.3,4.94176481938087,6.00884057056544,0.822415699226289,Kontraksi
39.4,4.76737942440209,6.00884057056544,0.793394227790848,Kontraksi
39.5,4.33685765265207,6.00884057056544,0.721746167454725,Kontraksi
39.6,4.27740588924248,6.00884057056544,0.711852118392945,Kontraksi
39.7,4.31824717336341,6.00884057056544,0.718648984384196,Kontraksi
39.8,4.60137650547691,6.00884057056544,0.765767780229841,Kontraksi
39.9,4.8452972427808,6.00884057056544,0.806361424617537,Kontraksi
40,4.78223483298639,6.00884057056544,0.795866486525266,Kontraksi
40.1,4.79671312773667,6.00884057056544,0.798275985426136,Kontraksi
40.2,4.92293363193549,6.00884057056544,0.819281785582844,Kontraksi
40.3,4.87830890555027,6.00884057056544,0.811855273619152,Kontraksi
40.4,5.28667562060921,6.00884057056544,0.879816257150542,Kontraksi
40.5,5.45861484381395,6.00884057056544,0.908430633116346,Kontraksi
40.6,5.2200176562863,6.00884057056544,0.868722941636491,Kontraksi
40.7,5.19915236219564,6.00884057056544,0.865250509002337,Kontraksi
40.8,5.02229065030255,6.00884057056544,0.835816925299109,Kontraksi
40.9,4.75624818572936,6.00884057056544,0.791541750837598,Kontraksi
41,4.62320072070754,6.00884057056544,0.769399797916836,Kontraksi
41.1,4.82615296608961,6.00884057056544,0.803175406205771,Kontraksi
41.2,4.71489351716396,6.00884057056544,0.784659446659321,Kontraksi
41.3,4.88612319941516,6.00884057056544,0.813155739786149,Kontraksi
41.4,5.08088574894569,6.00884057056544,0.845568406962671,Kontraksi
41.5,4.72829307066639,6.00884057056544,0.786889419870471,Kontraksi
41.6,4.73785080625644,6.00884057056544,0.788480032148799,Kontraksi
41.7,4.8925285222232,6.00884057056544,0.81422172293761,Kontraksi
41.8,4.66566080196557,6.00884057056544,0.776466066485523,Kontraksi
41.9,4.80492327632158,6.00884057056544,0.799642330312223,Kontraksi
42,4.81781447279366,6.00884057056544,0.80178770200593,Kontraksi
42.1,4.75066358230531,6.00884057056544,0.790612353001449,Kontraksi
42.2,5.0216258821266,6.00884057056544,0.835706293610991,Kontraksi
42.3,4.81052737393622,6.00884057056544,0.800574972399965,Kontraksi
42.4,4.77251050850034,6.00884057056544,0.79424815028022,Kontraksi
42.5,4.91832550730424,6.00884057056544,0.818514894769693,Kontraksi
42.6,4.88932040276206,6.00884057056544,0.813687823024063,Kontraksi
42.7,5.20425470323767,6.00884057056544,0.866099648030425,Kontraksi
42.8,5.52771493312497,6.00884057056544,0.919930370628024,Kontraksi
42.9,5.190732200662,6.00884057056544,0.863849213455424,Kontraksi
43,4.60626868042301,6.00884057056544,0.766581943110125,Kontraksi
43.1,4.62551837615727,6.00884057056544,0.769785505512589,Kontraksi
43.2,4.33830104182994,6.00884057056544,0.721986378384091,Kontraksi
43.3,4.53508664390081,6.00884057056544,0.75473572491108,Kontraksi
43.4,4.76676154343626,6.00884057056544,0.793291399140533,Kontraksi
43.5,4.97061002819389,6.00884057056544,0.827216160891776,Kontraksi
43.6,6.00884057056544,6.00884057056544,1,Kontraksi
43.7,5.84047114484937,6.00884057056544,0.971979714931889,Kontraksi
43.8,5.08459776707478,6.00884057056544,0.846186166426497,Kontraksi
43.9,5.04871289497653,6.00884057056544,0.84021415374338,Kontraksi
44,4.98668915640372,6.00884057056544,0.829892072828696,Kontraksi
44.1,4.81696110013822,6.00884057056544,0.801645682485622,Kontraksi
44.2,4.88905333231603,6.00884057056544,0.81364337677143,Kontraksi
44.3,4.59578490035513,6.00884057056544,0.764837217160958,Kontraksi
44.4,4.91214969057531,6.00884057056544,0.817487106354209,Kontraksi
44.5,5.38240820220003,6.00884057056544,0.895748212819289,Kontraksi
44.6,5.58356777341232,6.00884057056544,0.929225481661747,Kontraksi
44.7,5.53344293819733,6.00884057056544,0.920883633575358,Kontraksi
44.8,4.91523591407858,6.00884057056544,0.818000720164898,Kontraksi
44.9,4.68688074661032,6.00884057056544,0.779997520581459,Kontraksi
45,4.73530021795651,6.00884057056544,0.788055559528835,Kontraksi
45.1,4.72217505715732,6.00884057056544,0.785871251151028,Kontraksi
45.2,4.63457067349394,6.00884057056544,0.771292002020587,Kontraksi
45.3,4.64390180328786,6.00884057056544,0.772844902232255,Kontraksi
45.4,5.12548641267801,6.00884057056544,0.852990914384619,Kontraksi
45.5,4.97423063747832,6.00884057056544,0.82781870796253,Kontraksi
45.6,4.54050428576969,6.00884057056544,0.755637336762028,Kontraksi
45.7,4.63771289602824,6.00884057056544,0.771814935271585,Kontraksi
45.8,4.91315450898834,6.00884057056544,0.817654329698085,Kontraksi
45.9,5.0007051819375,6.00884057056544,0.832224640213233,Kontraksi
46,4.81870832956326,6.00884057056544,0.801936458951484,Kontraksi
46.1,5.02484128132957,6.00884057056544,0.836241405029776,Kontraksi
