Filename,N_Samples,Duration_s,SNR_dB
P10_DATA1_HASIL.csv,108560,108.56,10.0501847908506
P10_DATA2_HASIL.csv,46204,46.204,10.1049257921582
P10_DATA3_HASIL.csv,5858,5.858,10.4932348408408
P10_DATA4_HASIL.csv,27360,27.36,10.0869426508394
P11_DATA1_HASIL.csv,35905,35.905,9.89889756307411
P11_DATA2_HASIL.csv,63941,63.941,9.97541728360517
P11_DATA3_HASIL.csv,19245,19.245,6.56145899405389
P11_DATA4_HASIL.csv,123565,123.565,10.0067382522595
P12_DATA1_HASIL.csv,56370,56.37,10.0378647500881
P12_DATA2_HASIL.csv,40738,40.738,9.99100373551371
P12_DATA3_HASIL.csv,107700,107.7,9.96662743113578
P12_DATA4_HASIL.csv,111367,111.367,9.94370401717823
P13_DATA1_HASIL.csv,200499,200.499,6.32077336030705
P13_DATA2_HASIL.csv,356267,356.267,10.1628351871979
P13_DATA3_HASIL.csv,213274,213.274,10.35557423659
P13_DATA4_HASIL.csv,163951,163.951,6.94847366291929
