Filename,N_Samples,N_Windows,RMS_max,RMS_mean,N_Kontraksi,N_Relaksasi,Pct_Kontraksi
P10_ANESTESI_HASIL.csv,72158,720,7.19443866260907,5.78742189852619,719,1,99.8611111111111
P10_BACKUP_ADAKONTRAKSI.csv,75101,750,103.326796147567,6.14264814814279,8,742,1.06666666666667
P10_DATA1_HASIL.csv,108560,1084,6.47885622371203,5.12582077316908,1081,3,99.7232472324723
P10_DATA2_HASIL.csv,46204,461,6.00884057056544,4.86375859640887,461,0,100
P10_DATA3_HASIL.csv,5858,57,5.29240154680563,4.55335620519559,57,0,100
P10_DATA4_HASIL.csv,27360,272,5.89470849700882,4.74958252815239,270,2,99.2647058823529
P11_ANESTESI_HASIL.csv,90230,901,7.4292893520484,5.81499727846321,892,9,99.0011098779134
P11_DATA1_HASIL.csv,35905,358,6.83890270597766,5.32626303023824,357,1,99.7206703910614
P11_DATA2_HASIL.csv,63941,638,11.4308175322395,5.13157122186523,3,635,0.470219435736677
P11_DATA3_HASIL.csv,19245,191,74.4465732894293,19.5711146308181,34,157,17.8010471204188
P11_DATA4_HASIL.csv,123565,1234,12.5000385594285,9.16223595564554,1072,162,86.871961102107
P12_ANESTESI_HASIL.csv,183455,1833,190.652317526941,6.11557179056495,1,1832,0.0545553737043099
P12_DATA1_HASIL.csv,56370,562,6.76508687859694,5.46715962938025,562,0,100
P12_DATA2_HASIL.csv,40738,406,7.80584276212918,5.98019983495328,373,33,91.871921182266
P12_DATA3_HASIL.csv,107700,1076,6.66505762515293,4.99379313786599,1069,7,99.3494423791822
P12_DATA4_HASIL.csv,111367,1112,6.583759284158,5.0911229937299,1103,9,99.1906474820144
P13_ANESTESI_HASIL.csv,2233,21,5.12302339803719,4.59236036188861,21,0,100
P13_DATA1_HASIL.csv,200499,2003,170.051898532406,5.00874371647759,2,2001,0.0998502246630055
P13_DATA2_HASIL.csv,356267,3561,5.47957781503231,4.11845411218882,3456,105,97.0513900589722
P13_DATA3_HASIL.csv,213274,2131,193.104000939814,4.41216846237038,1,2130,0.0469263256687001
P13_DATA4_HASIL.csv,163951,1638,192.958220229704,4.83724934780683,1,1637,0.061050061050061
